index,Port
0,AAE
1,AAL
2,AAN
3,AAQ
4,AAR
5,AAT
6,AAX
7,AAY
8,ABA
9,ABB
10,ABD
11,ABE
12,ABI
13,ABJ
14,ABL
15,ABM
16,ABQ
17,ABR
18,ABS
19,ABT
20,ABV
21,ABX
22,ABY
23,ABZ
24,ACA
25,ACC
26,ACE
27,ACH
28,ACI
29,ACK
30,ACR
31,ACT
32,ACU
33,ACV
34,ACX
35,ACY
36,ACZ
37,ADA
38,ADB
39,ADD
40,ADE
41,ADF
42,ADK
43,ADL
44,ADQ
45,ADU
46,ADZ
47,AEB
48,AEP
49,AER
50,AES
51,AET
52,AEX
53,AEY
54,AFA
55,AFL
56,AFZ
57,AGA
58,AGB
59,AGF
60,AGH
61,AGM
62,AGN
63,AGP
64,AGR
65,AGS
66,AGT
67,AGU
68,AGX
69,AHB
70,AHE
71,AHN
72,AHO
73,AHU
74,AIA
75,AIN
76,AIT
77,AIU
78,AJA
79,AJF
80,AJI
81,AJL
82,AJR
83,AJU
84,AKB
85,AKF
86,AKI
87,AKJ
88,AKK
89,AKL
90,AKN
91,AKP
92,AKU
93,AKX
94,AKY
95,ALA
96,ALB
97,ALC
98,ALF
99,ALG
100,ALH
101,ALO
102,ALS
103,ALW
104,AMA
105,AMD
106,AMH
107,AMM
108,AMQ
109,AMS
110,ANC
111,ANF
112,ANG
113,ANI
114,ANM
115,ANR
116,ANS
117,ANU
118,ANV
119,ANX
120,AOE
121,AOG
122,AOI
123,AOJ
124,AOK
125,AOO
126,AOQ
127,AOR
128,AOS
129,APL
130,APN
131,APO
132,APW
133,AQA
134,AQG
135,AQI
136,AQJ
137,AQP
138,ARC
139,ARH
140,ARI
141,ARK
142,ARM
143,ARN
144,ART
145,ARU
146,ARW
147,ASB
148,ASE
149,ASF
150,ASJ
151,ASM
152,ASO
153,ASP
154,ASR
155,ASU
156,ASV
157,ASW
158,ATA
159,ATC
160,ATD
161,ATH
162,ATK
163,ATL
164,ATM
165,ATQ
166,ATT
167,ATW
168,ATY
169,ATZ
170,AUA
171,AUC
172,AUG
173,AUH
174,AUK
175,AUQ
176,AUR
177,AUS
178,AUU
179,AUX
180,AUY
181,AVA
182,AVL
183,AVN
184,AVP
185,AVV
186,AWD
187,AWZ
188,AXA
189,AXD
190,AXK
191,AXM
192,AXP
193,AXR
194,AXT
195,AXU
196,AYP
197,AYQ
198,AYT
199,AZA
200,AZD
201,AZI
202,AZN
203,AZO
204,AZR
205,AZS
206,BAH
207,BAL
208,BAQ
209,BAV
210,BAX
211,BAY
212,BAZ
213,BBA
214,BBI
215,BBK
216,BBN
217,BBO
218,BCD
219,BCI
220,BCN
221,BCV
222,BDA
223,BDB
224,BDH
225,BDJ
226,BDL
227,BDO
228,BDP
229,BDQ
230,BDS
231,BDU
232,BEB
233,BEG
234,BEJ
235,BEL
236,BEN
237,BES
238,BET
239,BEU
240,BEW
241,BEY
242,BFD
243,BFF
244,BFI
245,BFJ
246,BFL
247,BFN
248,BFQ
249,BFS
250,BFV
251,BGA
252,BGF
253,BGG
254,BGI
255,BGM
256,BGO
257,BGR
258,BGW
259,BGY
260,BHB
261,BHD
262,BHE
263,BHH
264,BHI
265,BHJ
266,BHK
267,BHM
268,BHO
269,BHQ
270,BHR
271,BHS
272,BHU
273,BHV
274,BHX
275,BHY
276,BIA
277,BIK
278,BIL
279,BIM
280,BIO
281,BIQ
282,BIR
283,BIS
284,BJA
285,BJB
286,BJF
287,BJI
288,BJL
289,BJM
290,BJR
291,BJV
292,BJX
293,BJZ
294,BKC
295,BKG
296,BKI
297,BKK
298,BKM
299,BKO
300,BKQ
301,BKS
302,BKW
303,BKY
304,BKZ
305,BLA
306,BLD
307,BLI
308,BLJ
309,BLK
310,BLL
311,BLQ
312,BLR
313,BLV
314,BLZ
315,BMA
316,BME
317,BMI
318,BMU
319,BMV
320,BMW
321,BMY
322,BNA
323,BNB
324,BNC
325,BND
326,BNE
327,BNI
328,BNK
329,BNN
330,BNS
331,BNX
332,BNY
333,BOB
334,BOC
335,BOD
336,BOG
337,BOH
338,BOI
339,BOJ
340,BOM
341,BON
342,BOO
343,BOS
344,BOY
345,BPL
346,BPN
347,BPS
348,BPT
349,BPX
350,BQB
351,BQK
352,BQL
353,BQN
354,BQS
355,BRA
356,BRC
357,BRD
358,BRE
359,BRI
360,BRL
361,BRM
362,BRN
363,BRO
364,BRQ
365,BRR
366,BRS
367,BRU
368,BRW
369,BSA
370,BSB
371,BSC
372,BSD
373,BSK
374,BSL
375,BSO
376,BSR
377,BSS
378,BTC
379,BTH
380,BTI
381,BTJ
382,BTK
383,BTM
384,BTR
385,BTS
386,BTT
387,BTU
388,BTV
389,BUA
390,BUC
391,BUD
392,BUF
393,BUL
394,BUN
395,BUQ
396,BUR
397,BUS
398,BUW
399,BUX
400,BUZ
401,BVA
402,BVB
403,BVC
404,BVE
405,BVG
406,BVH
407,BVI
408,BVV
409,BWA
410,BWI
411,BWK
412,BWN
413,BWT
414,BXB
415,BXR
416,BXU
417,BYC
418,BYN
419,BYO
420,BZE
421,BZG
422,BZL
423,BZN
424,BZO
425,BZR
426,BZV
427,CAB
428,CAC
429,CAE
430,CAG
431,CAH
432,CAI
433,CAJ
434,CAK
435,CAL
436,CAN
437,CAP
438,CAW
439,CAY
440,CBB
441,CBH
442,CBO
443,CBQ
444,CBR
445,CBS
446,CBT
447,CCC
448,CCF
449,CCJ
450,CCK
451,CCM
452,CCP
453,CCS
454,CCU
455,CCV
456,CDB
457,CDC
458,CDG
459,CDJ
460,CDR
461,CDV
462,CEB
463,CEC
464,CED
465,CEE
466,CEG
467,CEI
468,CEK
469,CEN
470,CEZ
471,CFB
472,CFE
473,CFK
474,CFN
475,CFR
476,CFS
477,CFU
478,CGA
479,CGB
480,CGD
481,CGH
482,CGI
483,CGK
484,CGM
485,CGN
486,CGO
487,CGP
488,CGQ
489,CGR
490,CGY
491,CHA
492,CHC
493,CHG
494,CHO
495,CHQ
496,CHS
497,CHU
498,CHX
499,CHY
500,CIA
501,CIC
502,CID
503,CIF
504,CIH
505,CIJ
506,CIP
507,CIT
508,CIU
509,CIX
510,CIY
511,CIZ
512,CJA
513,CJB
514,CJC
515,CJJ
516,CJL
517,CJM
518,CJS
519,CJU
520,CKB
521,CKD
522,CKG
523,CKH
524,CKS
525,CKX
526,CKY
527,CKZ
528,CLD
529,CLE
530,CLJ
531,CLL
532,CLM
533,CLO
534,CLQ
535,CLT
536,CLV
537,CLY
538,CMA
539,CMB
540,CME
541,CMG
542,CMH
543,CMI
544,CMN
545,CMP
546,CMU
547,CMW
548,CMX
549,CND
550,CNF
551,CNJ
552,CNM
553,CNP
554,CNS
555,CNX
556,CNY
557,COD
558,COK
559,COO
560,COQ
561,COR
562,COS
563,COU
564,CPC
565,CPD
566,CPE
567,CPH
568,CPO
569,CPR
570,CPT
571,CPV
572,CPX
573,CRA
574,CRD
575,CRI
576,CRK
577,CRL
578,CRM
579,CRP
580,CRW
581,CSG
582,CSH
583,CSK
584,CSX
585,CTA
586,CTC
587,CTG
588,CTL
589,CTM
590,CTS
591,CTU
592,CUC
593,CUE
594,CUF
595,CUK
596,CUL
597,CUM
598,CUN
599,CUQ
600,CUR
601,CUU
602,CUZ
603,CVG
604,CVM
605,CVU
606,CWA
607,CWB
608,CWL
609,CXB
610,CXH
611,CXI
612,CXJ
613,CXR
614,CYB
615,CYF
616,CYO
617,CYP
618,CYS
619,CYX
620,CYZ
621,CZE
622,CZH
623,CZJ
624,CZL
625,CZM
626,CZS
627,CZU
628,CZX
629,DAB
630,DAC
631,DAD
632,DAL
633,DAR
634,DAT
635,DAU
636,DAV
637,DAX
638,DAY
639,DBA
640,DBO
641,DBQ
642,DBV
643,DCA
644,DCM
645,DCN
646,DCY
647,DDC
648,DDG
649,DEA
650,DEB
651,DEC
652,DED
653,DEE
654,DEF
655,DEL
656,DEN
657,DFW
658,DGA
659,DGO
660,DGT
661,DHB
662,DHI
663,DHM
664,DHN
665,DIB
666,DIE
667,DIG
668,DIJ
669,DIK
670,DIL
671,DIN
672,DIR
673,DIU
674,DIW
675,DIY
676,DJB
677,DJE
678,DJG
679,DJJ
680,DKR
681,DLA
682,DLC
683,DLE
684,DLG
685,DLH
686,DLI
687,DLM
688,DLU
689,DLY
690,DLZ
691,DMB
692,DMD
693,DME
694,DMK
695,DMM
696,DMU
697,DND
698,DNH
699,DNK
700,DNR
701,DNZ
702,DOH
703,DOK
704,DOL
705,DOM
706,DOU
707,DOY
708,DPL
709,DPO
710,DPS
711,DQA
712,DRG
713,DRK
714,DRO
715,DRS
716,DRV
717,DRW
718,DSA
719,DSK
720,DSM
721,DSN
722,DTM
723,DTW
724,DUB
725,DUD
726,DUJ
727,DUR
728,DUS
729,DUT
730,DVO
731,DWC
732,DWD
733,DXB
734,DYG
735,DYR
736,DYU
737,DZA
738,DZN
739,EAE
740,EAM
741,EAR
742,EAS
743,EAT
744,EAU
745,EBA
746,EBB
747,EBH
748,EBJ
749,EBL
750,EBU
751,ECN
752,ECP
753,EDI
754,EDL
755,EDO
756,EDR
757,EEK
758,EFL
759,EGC
760,EGE
761,EGM
762,EGN
763,EGO
764,EGS
765,EGX
766,EIN
767,EIS
768,EJA
769,EJH
770,EKO
771,EKS
772,ELC
773,ELD
774,ELF
775,ELG
776,ELH
777,ELI
778,ELL
779,ELM
780,ELP
781,ELQ
782,ELS
783,ELU
784,ELV
785,EMA
786,EMD
787,EMK
788,ENA
789,ENE
790,ENH
791,ENU
792,ENY
793,EOH
794,EOI
795,EPR
796,EQS
797,ERC
798,ERF
799,ERI
800,ERL
801,ERN
802,ERS
803,ERZ
804,ESB
805,ESC
806,ESD
807,ESM
808,ESU
809,ETH
810,ETR
811,ETZ
812,EUG
813,EUN
814,EUX
815,EVE
816,EVG
817,EVN
818,EVV
819,EWB
820,EWN
821,EWR
822,EXT
823,EYK
824,EYP
825,EYW
826,EZE
827,EZS
828,FAE
829,FAI
830,FAO
831,FAR
832,FAT
833,FAV
834,FAY
835,FBM
836,FBS
837,FCA
838,FCO
839,FDE
840,FDF
841,FDH
842,FEG
843,FEN
844,FEZ
845,FIH
846,FJR
847,FKB
848,FKI
849,FKL
850,FKQ
851,FKS
852,FLA
853,FLG
854,FLL
855,FLN
856,FLO
857,FLR
858,FLS
859,FLW
860,FMA
861,FMI
862,FMM
863,FMN
864,FMO
865,FNA
866,FNC
867,FNI
868,FNJ
869,FNT
870,FOC
871,FOE
872,FON
873,FOR
874,FPO
875,FRA
876,FRD
877,FRE
878,FRO
879,FRS
880,FRU
881,FRW
882,FSC
883,FSD
884,FSM
885,FSP
886,FSZ
887,FTA
888,FTE
889,FTU
890,FUE
891,FUG
892,FUJ
893,FUK
894,FUN
895,FUO
896,FUT
897,FVM
898,FWA
899,FYU
900,GAE
901,GAF
902,GAJ
903,GAL
904,GAM
905,GAN
906,GAO
907,GAU
908,GBB
909,GBE
910,GBT
911,GCC
912,GCH
913,GCI
914,GCK
915,GCM
916,GCN
917,GCW
918,GDE
919,GDL
920,GDN
921,GDQ
922,GDT
923,GDV
924,GDX
925,GDZ
926,GEA
927,GEG
928,GEO
929,GES
930,GET
931,GEV
932,GFF
933,GFK
934,GFN
935,GGG
936,GGT
937,GGW
938,GHA
939,GHB
940,GHE
941,GHT
942,GIB
943,GIG
944,GIL
945,GIS
946,GIU
947,GIZ
948,GJA
949,GJT
950,GKA
951,GKK
952,GLA
953,GLF
954,GLH
955,GLK
956,GLN
957,GLO
958,GLT
959,GLV
960,GMA
961,GMB
962,GMO
963,GMP
964,GMR
965,GMZ
966,GND
967,GNV
968,GNY
969,GOA
970,GOH
971,GOI
972,GOJ
973,GOM
974,GOP
975,GOQ
976,GOT
977,GOU
978,GOV
979,GPA
980,GPI
981,GPS
982,GPT
983,GRB
984,GRI
985,GRJ
986,GRK
987,GRO
988,GRP
989,GRQ
990,GRR
991,GRU
992,GRW
993,GRX
994,GRZ
995,GSE
996,GSM
997,GSO
998,GSP
999,GST
1000,GTE
1001,GTF
1002,GTO
1003,GTR
1004,GUA
1005,GUC
1006,GUM
1007,GUR
1008,GUW
1009,GVA
1010,GVR
1011,GWD
1012,GWL
1013,GWT
1014,GXF
1015,GXH
1016,GYA
1017,GYD
1018,GYE
1019,GYN
1020,GYS
1021,GZO
1022,GZP
1023,GZT
1024,HAA
1025,HAC
1026,HAD
1027,HAH
1028,HAJ
1029,HAK
1030,HAM
1031,HAN
1032,HAQ
1033,HAS
1034,HAU
1035,HAV
1036,HBA
1037,HBE
1038,HBX
1039,HCR
1040,HDF
1041,HDG
1042,HDM
1043,HDN
1044,HDS
1045,HDY
1046,HEA
1047,HEH
1048,HEK
1049,HEL
1050,HER
1051,HET
1052,HFA
1053,HFE
1054,HFS
1055,HFT
1056,HGA
1057,HGH
1058,HGN
1059,HGR
1060,HGU
1061,HHH
1062,HHN
1063,HIA
1064,HIB
1065,HID
1066,HIJ
1067,HIN
1068,HIR
1069,HJJ
1070,HJR
1071,HKB
1072,HKD
1073,HKG
1074,HKK
1075,HKN
1076,HKT
1077,HLA
1078,HLD
1079,HLH
1080,HLN
1081,HLZ
1082,HMA
1083,HMB
1084,HME
1085,HMI
1086,HMO
1087,HMV
1088,HNA
1089,HND
1090,HNH
1091,HNL
1092,HNM
1093,HNS
1094,HOB
1095,HOD
1096,HOE
1097,HOF
1098,HOG
1099,HOI
1100,HOM
1101,HON
1102,HOR
1103,HOT
1104,HOU
1105,HOV
1106,HPB
1107,HPH
1108,HPN
1109,HRB
1110,HRE
1111,HRG
1112,HRI
1113,HRK
1114,HRL
1115,HRM
1116,HRO
1117,HSG
1118,HSL
1119,HSN
1120,HSV
1121,HTA
1122,HTI
1123,HTN
1124,HTS
1125,HTY
1126,HUH
1127,HUI
1128,HUN
1129,HUS
1130,HUU
1131,HUX
1132,HUY
1133,HVB
1134,HVD
1135,HVG
1136,HVN
1137,HVR
1138,HYA
1139,HYD
1140,HYL
1141,HYN
1142,HZH
1143,IAA
1144,IAD
1145,IAG
1146,IAH
1147,IAM
1148,IAN
1149,IAO
1150,IAS
1151,IBA
1152,IBE
1153,IBR
1154,IBZ
1155,ICI
1156,ICN
1157,ICT
1158,IDA
1159,IDR
1160,IEV
1161,IFJ
1162,IFN
1163,IFO
1164,IGA
1165,IGD
1166,IGG
1167,IGM
1168,IGR
1169,IGU
1170,IIL
1171,IJK
1172,IKA
1173,IKE
1174,IKI
1175,IKO
1176,IKS
1177,IKT
1178,ILD
1179,ILG
1180,ILI
1181,ILM
1182,ILO
1183,ILP
1184,ILR
1185,ILY
1186,IMF
1187,IMP
1188,IMT
1189,INB
1190,INC
1191,IND
1192,INH
1193,INL
1194,INN
1195,INU
1196,INV
1197,INZ
1198,IOA
1199,IOM
1200,IOQ
1201,IOS
1202,IOT
1203,IPA
1204,IPC
1205,IPH
1206,IPI
1207,IPL
1208,IPN
1209,IPT
1210,IQN
1211,IQQ
1212,IQT
1213,IRA
1214,IRG
1215,IRJ
1216,IRK
1217,IRP
1218,IRZ
1219,ISA
1220,ISB
1221,ISE
1222,ISG
1223,ISN
1224,ISP
1225,IST
1226,ISU
1227,ITB
1228,ITH
1229,ITM
1230,ITO
1231,IUE
1232,IUI
1233,IVC
1234,IVL
1235,IWJ
1236,IWK
1237,IXA
1238,IXB
1239,IXC
1240,IXD
1241,IXE
1242,IXG
1243,IXJ
1244,IXL
1245,IXM
1246,IXR
1247,IXS
1248,IXU
1249,IXZ
1250,IZA
1251,IZO
1252,JAC
1253,JAI
1254,JAL
1255,JAN
1256,JAU
1257,JAV
1258,JAX
1259,JBQ
1260,JBR
1261,JCK
1262,JDH
1263,JDO
1264,JDZ
1265,JED
1266,JEG
1267,JER
1268,JFK
1269,JFR
1270,JGA
1271,JGD
1272,JGN
1273,JGS
1274,JHB
1275,JHG
1276,JHM
1277,JHS
1278,JHW
1279,JIB
1280,JIC
1281,JIJ
1282,JIK
1283,JIM
1284,JIQ
1285,JIU
1286,JJA
1287,JJN
1288,JJU
1289,JKG
1290,JKH
1291,JKL
1292,JKR
1293,JLN
1294,JLR
1295,JMK
1296,JMU
1297,JNB
1298,JNG
1299,JNN
1300,JNS
1301,JNU
1302,JNX
1303,JNZ
1304,JOE
1305,JOG
1306,JOI
1307,JOL
1308,JOS
1309,JPA
1310,JPR
1311,JQA
1312,JQE
1313,JRO
1314,JSH
1315,JSI
1316,JSR
1317,JST
1318,JSU
1319,JSY
1320,JTC
1321,JTR
1322,JTY
1323,JUB
1324,JUH
1325,JUJ
1326,JUK
1327,JUL
1328,JUU
1329,JUV
1330,JUZ
1331,JXA
1332,JYV
1333,JZH
1334,KAA
1335,KAD
1336,KAJ
1337,KAL
1338,KAN
1339,KAO
1340,KAT
1341,KAW
1342,KAZ
1343,KBC
1344,KBL
1345,KBP
1346,KBR
1347,KBU
1348,KBV
1349,KCA
1350,KCG
1351,KCH
1352,KCL
1353,KCM
1354,KCO
1355,KCQ
1356,KCT
1357,KCZ
1358,KDH
1359,KDI
1360,KDM
1361,KDO
1362,KDU
1363,KDV
1364,KEF
1365,KEJ
1366,KEM
1367,KEP
1368,KER
1369,KET
1370,KFP
1371,KFS
1372,KGA
1373,KGC
1374,KGD
1375,KGE
1376,KGF
1377,KGI
1378,KGL
1379,KGP
1380,KGQ
1381,KGS
1382,KGT
1383,KGX
1384,KHD
1385,KHG
1386,KHH
1387,KHI
1388,KHN
1389,KHQ
1390,KHS
1391,KHV
1392,KHY
1393,KHZ
1394,KID
1395,KIH
1396,KIJ
1397,KIM
1398,KIN
1399,KIR
1400,KIS
1401,KIT
1402,KIV
1403,KIX
1404,KJA
1405,KKA
1406,KKB
1407,KKC
1408,KKE
1409,KKH
1410,KKI
1411,KKJ
1412,KKN
1413,KKR
1414,KLG
1415,KLL
1416,KLN
1417,KLO
1418,KLR
1419,KLU
1420,KLV
1421,KLW
1422,KLX
1423,KME
1424,KMG
1425,KMI
1426,KMJ
1427,KMQ
1428,KMS
1429,KND
1430,KNG
1431,KNH
1432,KNQ
1433,KNS
1434,KNU
1435,KNX
1436,KOA
1437,KOC
1438,KOE
1439,KOI
1440,KOJ
1441,KOK
1442,KOO
1443,KOP
1444,KOS
1445,KOT
1446,KOV
1447,KOW
1448,KOZ
1449,KPN
1450,KPO
1451,KPR
1452,KPV
1453,KQA
1454,KQT
1455,KRF
1456,KRK
1457,KRL
1458,KRN
1459,KRO
1460,KRP
1461,KRR
1462,KRS
1463,KRT
1464,KRY
1465,KSA
1466,KSC
1467,KSD
1468,KSF
1469,KSH
1470,KSJ
1471,KSM
1472,KSN
1473,KSQ
1474,KSU
1475,KSY
1476,KTA
1477,KTB
1478,KTE
1479,KTL
1480,KTM
1481,KTN
1482,KTS
1483,KTT
1484,KTW
1485,KUA
1486,KUD
1487,KUF
1488,KUH
1489,KUK
1490,KUL
1491,KUN
1492,KUO
1493,KUS
1494,KUT
1495,KUU
1496,KUV
1497,KUZ
1498,KVA
1499,KVC
1500,KVD
1501,KVG
1502,KVK
1503,KVL
1504,KVX
1505,KWA
1506,KWE
1507,KWF
1508,KWI
1509,KWJ
1510,KWK
1511,KWL
1512,KWM
1513,KWN
1514,KWT
1515,KXU
1516,KYA
1517,KYK
1518,KYP
1519,KYU
1520,KZB
1521,KZN
1522,KZO
1523,KZR
1524,KZS
1525,LAD
1526,LAE
1527,LAI
1528,LAM
1529,LAN
1530,LAO
1531,LAP
1532,LAQ
1533,LAR
1534,LAS
1535,LAU
1536,LAW
1537,LAX
1538,LBA
1539,LBB
1540,LBC
1541,LBD
1542,LBE
1543,LBF
1544,LBJ
1545,LBL
1546,LBP
1547,LBS
1548,LBU
1549,LBV
1550,LCA
1551,LCE
1552,LCG
1553,LCH
1554,LCK
1555,LCR
1556,LCX
1557,LCY
1558,LDB
1559,LDE
1560,LDH
1561,LDS
1562,LDU
1563,LDY
1564,LEA
1565,LEB
1566,LEC
1567,LED
1568,LEH
1569,LEI
1570,LEJ
1571,LEN
1572,LET
1573,LEX
1574,LFM
1575,LFR
1576,LFT
1577,LFW
1578,LGA
1579,LGB
1580,LGG
1581,LGI
1582,LGK
1583,LGL
1584,LGP
1585,LGQ
1586,LGW
1587,LHE
1588,LHR
1589,LHW
1590,LIF
1591,LIG
1592,LIH
1593,LIL
1594,LIM
1595,LIN
1596,LIR
1597,LIS
1598,LIT
1599,LJA
1600,LJG
1601,LJU
1602,LKB
1603,LKE
1604,LKG
1605,LKH
1606,LKL
1607,LKN
1608,LKO
1609,LLA
1610,LLB
1611,LLF
1612,LLI
1613,LLK
1614,LLU
1615,LLW
1616,LMA
1617,LMC
1618,LMM
1619,LMN
1620,LMP
1621,LMT
1622,LNB
1623,LNE
1624,LNJ
1625,LNK
1626,LNS
1627,LNV
1628,LNY
1629,LNZ
1630,LOD
1631,LOE
1632,LOH
1633,LOK
1634,LOP
1635,LOS
1636,LPA
1637,LPB
1638,LPD
1639,LPI
1640,LPL
1641,LPM
1642,LPP
1643,LPQ
1644,LPS
1645,LPT
1646,LPY
1647,LQM
1648,LRD
1649,LRE
1650,LRH
1651,LRM
1652,LRR
1653,LRS
1654,LRT
1655,LSA
1656,LSC
1657,LSE
1658,LSI
1659,LSP
1660,LST
1661,LSY
1662,LTD
1663,LTI
1664,LTN
1665,LTO
1666,LTX
1667,LUD
1668,LUG
1669,LUH
1670,LUM
1671,LUN
1672,LUO
1673,LUQ
1674,LUR
1675,LUV
1676,LUW
1677,LUX
1678,LUZ
1679,LVI
1680,LWB
1681,LWN
1682,LWO
1683,LWS
1684,LWY
1685,LXA
1686,LXG
1687,LXR
1688,LXS
1689,LYA
1690,LYB
1691,LYC
1692,LYG
1693,LYH
1694,LYI
1695,LYP
1696,LYR
1697,LYS
1698,LZC
1699,LZH
1700,LZO
1701,LZY
1702,MAA
1703,MAB
1704,MAD
1705,MAF
1706,MAG
1707,MAH
1708,MAJ
1709,MAM
1710,MAN
1711,MAO
1712,MAQ
1713,MAR
1714,MAS
1715,MAU
1716,MAZ
1717,MBA
1718,MBE
1719,MBI
1720,MBJ
1721,MBS
1722,MBT
1723,MCE
1724,MCG
1725,MCI
1726,MCK
1727,MCM
1728,MCN
1729,MCO
1730,MCP
1731,MCT
1732,MCV
1733,MCX
1734,MCY
1735,MCZ
1736,MDC
1737,MDE
1738,MDG
1739,MDK
1740,MDL
1741,MDQ
1742,MDT
1743,MDU
1744,MDW
1745,MDZ
1746,MEA
1747,MEB
1748,MEC
1749,MED
1750,MEE
1751,MEG
1752,MEH
1753,MEI
1754,MEL
1755,MEM
1756,MEX
1757,MFE
1758,MFM
1759,MFR
1760,MFU
1761,MGA
1762,MGB
1763,MGF
1764,MGH
1765,MGM
1766,MGQ
1767,MGS
1768,MGT
1769,MGW
1770,MGZ
1771,MHC
1772,MHD
1773,MHG
1774,MHH
1775,MHK
1776,MHQ
1777,MHT
1778,MIA
1779,MID
1780,MIG
1781,MII
1782,MIM
1783,MIR
1784,MIS
1785,MJD
1786,MJF
1787,MJM
1788,MJN
1789,MJT
1790,MJU
1791,MJV
1792,MJZ
1793,MKE
1794,MKG
1795,MKK
1796,MKL
1797,MKM
1798,MKP
1799,MKQ
1800,MKW
1801,MKY
1802,MLA
1803,MLB
1804,MLE
1805,MLG
1806,MLH
1807,MLI
1808,MLL
1809,MLM
1810,MLN
1811,MLO
1812,MLU
1813,MLW
1814,MLX
1815,MMB
1816,MME
1817,MMH
1818,MMJ
1819,MMK
1820,MMO
1821,MMX
1822,MMY
1823,MNA
1824,MNG
1825,MNL
1826,MNS
1827,MOB
1828,MOC
1829,MOD
1830,MOF
1831,MOI
1832,MOL
1833,MOQ
1834,MOT
1835,MOU
1836,MOV
1837,MOZ
1838,MPA
1839,MPH
1840,MPL
1841,MPM
1842,MPN
1843,MPP
1844,MQF
1845,MQH
1846,MQJ
1847,MQL
1848,MQM
1849,MQN
1850,MQP
1851,MQT
1852,MQX
1853,MRA
1854,MRD
1855,MRE
1856,MRS
1857,MRU
1858,MRV
1859,MRX
1860,MRY
1861,MRZ
1862,MSJ
1863,MSL
1864,MSN
1865,MSO
1866,MSP
1867,MSQ
1868,MSR
1869,MSS
1870,MST
1871,MSU
1872,MSW
1873,MSY
1874,MSZ
1875,MTJ
1876,MTM
1877,MTR
1878,MTS
1879,MTT
1880,MTV
1881,MTY
1882,MUA
1883,MUB
1884,MUC
1885,MUE
1886,MUK
1887,MUN
1888,MUR
1889,MUW
1890,MUX
1891,MVD
1892,MVP
1893,MVR
1894,MVT
1895,MVY
1896,MWA
1897,MWF
1898,MWX
1899,MWZ
1900,MXH
1901,MXL
1902,MXP
1903,MXV
1904,MXX
1905,MXZ
1906,MYA
1907,MYD
1908,MYG
1909,MYJ
1910,MYQ
1911,MYR
1912,MYT
1913,MYU
1914,MYW
1915,MYY
1916,MZG
1917,MZH
1918,MZL
1919,MZR
1920,MZT
1921,MZV
1922,MZW
1923,NAG
1924,NAH
1925,NAJ
1926,NAN
1927,NAO
1928,NAP
1929,NAQ
1930,NAS
1931,NAT
1932,NAV
1933,NAW
1934,NAY
1935,NBC
1936,NBE
1937,NBO
1938,NBS
1939,NBX
1940,NCE
1941,NCL
1942,NCU
1943,NDB
1944,NDG
1945,NDJ
1946,NDR
1947,NDU
1948,NDY
1949,NER
1950,NEV
1951,NGB
1952,NGE
1953,NGK
1954,NGO
1955,NGQ
1956,NGS
1957,NHV
1958,NIM
1959,NIQ
1960,NJC
1961,NJF
1962,NKC
1963,NKG
1964,NKM
1965,NLA
1966,NLD
1967,NLG
1968,NLK
1969,NLT
1970,NMA
1971,NME
1972,NNB
1973,NNG
1974,NNM
1975,NNT
1976,NNY
1977,NOB
1978,NOC
1979,NOJ
1980,NOP
1981,NOS
1982,NOU
1983,NOV
1984,NOZ
1985,NPE
1986,NPL
1987,NQN
1988,NQU
1989,NQY
1990,NRA
1991,NRK
1992,NRL
1993,NRN
1994,NRT
1995,NSH
1996,NSI
1997,NSK
1998,NSN
1999,NSQ
2000,NST
2001,NTE
2002,NTG
2003,NTL
2004,NTN
2005,NTQ
2006,NTX
2007,NUE
2008,NUI
2009,NUL
2010,NUP
2011,NUS
2012,NUX
2013,NVA
2014,NVI
2015,NVK
2016,NVT
2017,NWI
2018,NYA
2019,NYM
2020,NYO
2021,NYT
2022,NYU
2023,NZH
2024,OAG
2025,OAJ
2026,OAK
2027,OAL
2028,OAX
2029,OBO
2030,OBU
2031,OBY
2032,OCC
2033,ODN
2034,ODS
2035,ODY
2036,OER
2037,OGD
2038,OGG
2039,OGL
2040,OGM
2041,OGS
2042,OGX
2043,OGZ
2044,OHE
2045,OHH
2046,OIA
2047,OIM
2048,OIT
2049,OKA
2050,OKC
2051,OKJ
2052,OLA
2053,OLB
2054,OLC
2055,OLF
2056,OLH
2057,OLL
2058,OLP
2059,OMA
2060,OMD
2061,OME
2062,OMH
2063,OMO
2064,OMR
2065,OMS
2066,OND
2067,ONG
2068,ONJ
2069,ONQ
2070,ONT
2071,OOK
2072,OOL
2073,OPO
2074,OPS
2075,ORD
2076,ORF
2077,ORH
2078,ORI
2079,ORK
2080,ORN
2081,ORU
2082,ORV
2083,ORY
2084,ORZ
2085,OSD
2086,OSI
2087,OSL
2088,OSM
2089,OSR
2090,OSS
2091,OSW
2092,OSY
2093,OTD
2094,OTH
2095,OTP
2096,OTZ
2097,OUA
2098,OUD
2099,OUL
2100,OUZ
2101,OVB
2102,OVD
2103,OVS
2104,OWB
2105,OXB
2106,OZC
2107,OZH
2108,OZZ
2109,PAC
2110,PAD
2111,PAG
2112,PAH
2113,PAP
2114,PAS
2115,PAT
2116,PAV
2117,PAZ
2118,PBC
2119,PBD
2120,PBG
2121,PBH
2122,PBI
2123,PBJ
2124,PBL
2125,PBM
2126,PBO
2127,PBU
2128,PBZ
2129,PCL
2130,PCR
2131,PDA
2132,PDG
2133,PDL
2134,PDP
2135,PDS
2136,PDT
2137,PDV
2138,PDX
2139,PEC
2140,PED
2141,PEE
2142,PEG
2143,PEI
2144,PEK
2145,PEM
2146,PEN
2147,PER
2148,PET
2149,PEU
2150,PEW
2151,PFB
2152,PFO
2153,PFQ
2154,PGA
2155,PGD
2156,PGF
2157,PGK
2158,PGU
2159,PGV
2160,PGX
2161,PHB
2162,PHC
2163,PHE
2164,PHF
2165,PHL
2166,PHO
2167,PHS
2168,PHW
2169,PHX
2170,PIA
2171,PIB
2172,PIE
2173,PIH
2174,PIK
2175,PIN
2176,PIP
2177,PIR
2178,PIS
2179,PIT
2180,PIU
2181,PIX
2182,PIZ
2183,PJA
2184,PJG
2185,PJM
2186,PKB
2187,PKC
2188,PKE
2189,PKR
2190,PKU
2191,PKY
2192,PKZ
2193,PLJ
2194,PLM
2195,PLN
2196,PLO
2197,PLQ
2198,PLS
2199,PLU
2200,PLW
2201,PLX
2202,PLZ
2203,PMC
2204,PMF
2205,PMI
2206,PMO
2207,PMR
2208,PMV
2209,PMW
2210,PMY
2211,PMZ
2212,PNA
2213,PND
2214,PNH
2215,PNI
2216,PNK
2217,PNL
2218,PNP
2219,PNQ
2220,PNR
2221,PNS
2222,PNZ
2223,POA
2224,POI
2225,POJ
2226,POL
2227,POM
2228,POP
2229,POR
2230,POS
2231,POZ
2232,PPB
2233,PPG
2234,PPK
2235,PPN
2236,PPP
2237,PPQ
2238,PPS
2239,PPT
2240,PPW
2241,PQC
2242,PQI
2243,PQM
2244,PQQ
2245,PQS
2246,PRA
2247,PRC
2248,PRG
2249,PRH
2250,PRI
2251,PRN
2252,PSA
2253,PSC
2254,PSE
2255,PSG
2256,PSJ
2257,PSM
2258,PSO
2259,PSP
2260,PSR
2261,PSS
2262,PTG
2263,PTH
2264,PTJ
2265,PTP
2266,PTY
2267,PUB
2268,PUE
2269,PUF
2270,PUG
2271,PUJ
2272,PUM
2273,PUQ
2274,PUS
2275,PUU
2276,PUW
2277,PUY
2278,PVA
2279,PVC
2280,PVD
2281,PVE
2282,PVG
2283,PVH
2284,PVK
2285,PVR
2286,PVU
2287,PWE
2288,PWM
2289,PWQ
2290,PXM
2291,PXO
2292,PXU
2293,PYC
2294,PYH
2295,PYJ
2296,PYY
2297,PZB
2298,PZH
2299,PZI
2300,PZO
2301,PZU
2302,QBC
2303,QFG
2304,QFN
2305,QFX
2306,QJH
2307,QOQ
2308,QOW
2309,QRO
2310,QRW
2311,QSF
2312,QUB
2313,QUO
2314,QUV
2315,QUW
2316,RAB
2317,RAE
2318,RAH
2319,RAI
2320,RAJ
2321,RAK
2322,RAO
2323,RAP
2324,RAR
2325,RAS
2326,RBA
2327,RBQ
2328,RBR
2329,RBV
2330,RBY
2331,RCB
2332,RCE
2333,RCH
2334,RCM
2335,RCY
2336,RDC
2337,RDD
2338,RDM
2339,RDN
2340,RDU
2341,RDV
2342,RDZ
2343,REC
2344,REG
2345,REL
2346,REN
2347,REP
2348,RES
2349,RET
2350,REU
2351,REX
2352,RFD
2353,RFP
2354,RGA
2355,RGI
2356,RGK
2357,RGL
2358,RGN
2359,RGS
2360,RHD
2361,RHI
2362,RHO
2363,RIA
2364,RIB
2365,RIC
2366,RIG
2367,RIW
2368,RIX
2369,RIY
2370,RJA
2371,RJH
2372,RJK
2373,RJL
2374,RKA
2375,RKD
2376,RKS
2377,RKV
2378,RLG
2379,RLK
2380,RMA
2381,RMF
2382,RMI
2383,RMQ
2384,RMT
2385,RNA
2386,RNB
2387,RNL
2388,RNN
2389,RNO
2390,RNS
2391,ROA
2392,ROB
2393,ROC
2394,ROI
2395,ROK
2396,ROO
2397,ROP
2398,ROR
2399,ROS
2400,ROT
2401,ROV
2402,ROW
2403,RPR
2404,RRG
2405,RRS
2406,RSA
2407,RSD
2408,RSH
2409,RST
2410,RSU
2411,RSW
2412,RTA
2413,RTB
2414,RTM
2415,RTW
2416,RUA
2417,RUH
2418,RUN
2419,RUR
2420,RUS
2421,RUT
2422,RVD
2423,RVE
2424,RVK
2425,RVN
2426,RVT
2427,RVV
2428,RXS
2429,RYG
2430,RYK
2431,RZE
2432,RZR
2433,SAB
2434,SAE
2435,SAF
2436,SAH
2437,SAL
2438,SAN
2439,SAP
2440,SAT
2441,SAV
2442,SAW
2443,SAX
2444,SBA
2445,SBH
2446,SBN
2447,SBP
2448,SBW
2449,SBY
2450,SBZ
2451,SCC
2452,SCE
2453,SCK
2454,SCL
2455,SCM
2456,SCN
2457,SCO
2458,SCQ
2459,SCT
2460,SCU
2461,SCW
2462,SCY
2463,SCZ
2464,SDD
2465,SDE
2466,SDF
2467,SDG
2468,SDJ
2469,SDK
2470,SDL
2471,SDN
2472,SDP
2473,SDQ
2474,SDR
2475,SDU
2476,SDV
2477,SDY
2478,SEA
2479,SEN
2480,SEZ
2481,SFA
2482,SFB
2483,SFG
2484,SFJ
2485,SFL
2486,SFN
2487,SFO
2488,SFT
2489,SGC
2490,SGD
2491,SGF
2492,SGG
2493,SGN
2494,SGO
2495,SGU
2496,SGY
2497,SHA
2498,SHB
2499,SHC
2500,SHD
2501,SHE
2502,SHG
2503,SHH
2504,SHJ
2505,SHL
2506,SHM
2507,SHP
2508,SHR
2509,SHV
2510,SHW
2511,SHX
2512,SIC
2513,SID
2514,SIN
2515,SIP
2516,SIT
2517,SJC
2518,SJD
2519,SJE
2520,SJI
2521,SJJ
2522,SJK
2523,SJL
2524,SJO
2525,SJP
2526,SJT
2527,SJU
2528,SJW
2529,SJZ
2530,SKB
2531,SKD
2532,SKE
2533,SKG
2534,SKK
2535,SKN
2536,SKO
2537,SKP
2538,SKT
2539,SKU
2540,SKZ
2541,SLA
2542,SLC
2543,SLH
2544,SLI
2545,SLK
2546,SLL
2547,SLM
2548,SLN
2549,SLP
2550,SLQ
2551,SLU
2552,SLW
2553,SLX
2554,SLY
2555,SLZ
2556,SMA
2557,SMF
2558,SMI
2559,SMK
2560,SML
2561,SMR
2562,SMS
2563,SMX
2564,SNA
2565,SNE
2566,SNN
2567,SNO
2568,SNP
2569,SNU
2570,SNV
2571,SNW
2572,SOC
2573,SOF
2574,SOG
2575,SOJ
2576,SOM
2577,SON
2578,SOQ
2579,SOU
2580,SOW
2581,SOY
2582,SPB
2583,SPC
2584,SPD
2585,SPI
2586,SPN
2587,SPP
2588,SPR
2589,SPS
2590,SPU
2591,SQS
2592,SRE
2593,SRG
2594,SRK
2595,SRP
2596,SRQ
2597,SRV
2598,SRX
2599,SRY
2600,SRZ
2601,SSA
2602,SSB
2603,SSG
2604,SSH
2605,SSJ
2606,SSR
2607,SSY
2608,STC
2609,STD
2610,STG
2611,STI
2612,STL
2613,STM
2614,STN
2615,STR
2616,STS
2617,STT
2618,STV
2619,STW
2620,STX
2621,STZ
2622,SUB
2623,SUF
2624,SUG
2625,SUJ
2626,SUK
2627,SUV
2628,SUX
2629,SVA
2630,SVB
2631,SVC
2632,SVD
2633,SVG
2634,SVI
2635,SVJ
2636,SVK
2637,SVL
2638,SVO
2639,SVP
2640,SVQ
2641,SVR
2642,SVU
2643,SVX
2644,SVZ
2645,SWA
2646,SWF
2647,SWJ
2648,SXB
2649,SXF
2650,SXI
2651,SXM
2652,SXO
2653,SXP
2654,SXR
2655,SXX
2656,SYB
2657,SYD
2658,SYM
2659,SYO
2660,SYQ
2661,SYR
2662,SYX
2663,SYY
2664,SYZ
2665,SZA
2666,SZB
2667,SZE
2668,SZG
2669,SZI
2670,SZX
2671,SZZ
2672,TAB
2673,TAC
2674,TAE
2675,TAG
2676,TAH
2677,TAI
2678,TAK
2679,TAL
2680,TAM
2681,TAO
2682,TAP
2683,TAS
2684,TAY
2685,TBB
2686,TBG
2687,TBI
2688,TBN
2689,TBP
2690,TBS
2691,TBT
2692,TBU
2693,TBW
2694,TBZ
2695,TCB
2696,TCD
2697,TCG
2698,TCO
2699,TCQ
2700,TCR
2701,TCZ
2702,TDD
2703,TDX
2704,TEB
2705,TEE
2706,TEN
2707,TEQ
2708,TER
2709,TET
2710,TFF
2711,TFI
2712,TFN
2713,TFS
2714,TGC
2715,TGD
2716,TGG
2717,TGH
2718,TGI
2719,TGJ
2720,TGK
2721,TGM
2722,TGO
2723,TGP
2724,TGR
2725,TGU
2726,TGZ
2727,THD
2728,THE
2729,THL
2730,THN
2731,THR
2732,THS
2733,THU
2734,THX
2735,TIA
2736,TID
2737,TIF
2738,TIH
2739,TIJ
2740,TIM
2741,TIP
2742,TIR
2743,TIU
2744,TIV
2745,TIZ
2746,TJA
2747,TJM
2748,TJQ
2749,TJU
2750,TKD
2751,TKE
2752,TKG
2753,TKJ
2754,TKK
2755,TKP
2756,TKS
2757,TKU
2758,TKX
2759,TLA
2760,TLC
2761,TLE
2762,TLH
2763,TLL
2764,TLM
2765,TLN
2766,TLS
2767,TLT
2768,TLV
2769,TMC
2770,TME
2771,TMI
2772,TMJ
2773,TML
2774,TMM
2775,TMP
2776,TMR
2777,TMS
2778,TMT
2779,TMU
2780,TMW
2781,TNA
2782,TNC
2783,TNG
2784,TNJ
2785,TNK
2786,TNN
2787,TNO
2788,TNR
2789,TNW
2790,TOB
2791,TOE
2792,TOF
2793,TOG
2794,TOH
2795,TOL
2796,TOS
2797,TOU
2798,TOY
2799,TPA
2800,TPE
2801,TPP
2802,TPQ
2803,TPS
2804,TQA
2805,TQI
2806,TQL
2807,TRC
2808,TRD
2809,TRE
2810,TRF
2811,TRG
2812,TRI
2813,TRK
2814,TRN
2815,TRO
2816,TRR
2817,TRS
2818,TRU
2819,TRV
2820,TRW
2821,TRZ
2822,TSA
2823,TSE
2824,TSF
2825,TSH
2826,TSJ
2827,TSN
2828,TSR
2829,TST
2830,TSV
2831,TTA
2832,TTE
2833,TTJ
2834,TTN
2835,TTQ
2836,TTT
2837,TTU
2838,TUA
2839,TUB
2840,TUC
2841,TUF
2842,TUG
2843,TUI
2844,TUK
2845,TUL
2846,TUN
2847,TUO
2848,TUP
2849,TUR
2850,TUS
2851,TUU
2852,TVC
2853,TVF
2854,TVS
2855,TVU
2856,TVY
2857,TWB
2858,TWF
2859,TWU
2860,TXK
2861,TXL
2862,TXN
2863,TYF
2864,TYN
2865,TYR
2866,TYS
2867,TZA
2868,TZL
2869,TZX
2870,UAH
2871,UAK
2872,UAP
2873,UAQ
2874,UBA
2875,UBJ
2876,UBP
2877,UCT
2878,UDI
2879,UDJ
2880,UDR
2881,UEL
2882,UEO
2883,UET
2884,UFA
2885,UGB
2886,UGC
2887,UIB
2888,UIH
2889,UII
2890,UIN
2891,UIO
2892,UIP
2893,UKA
2894,UKB
2895,UKK
2896,UKS
2897,ULB
2898,ULG
2899,ULH
2900,ULK
2901,ULN
2902,ULO
2903,ULP
2904,ULZ
2905,UMD
2906,UME
2907,UNG
2908,UNK
2909,UNN
2910,UPG
2911,UPK
2912,UPN
2913,URA
2914,URC
2915,URE
2916,URJ
2917,URS
2918,URT
2919,URY
2920,USH
2921,USK
2922,USM
2923,USN
2924,UST
2925,USU
2926,UTH
2927,UTN
2928,UTP
2929,UTS
2930,UTT
2931,UUA
2932,UUD
2933,UUS
2934,UVE
2935,UVF
2936,UYL
2937,UYN
2938,UYU
2939,VAA
2940,VAI
2941,VAK
2942,VAN
2943,VAO
2944,VAR
2945,VAS
2946,VAW
2947,VBV
2948,VBY
2949,VCA
2950,VCE
2951,VCL
2952,VCP
2953,VCS
2954,VCT
2955,VDA
2956,VDB
2957,VDC
2958,VDE
2959,VDH
2960,VDM
2961,VDS
2962,VDZ
2963,VEE
2964,VEL
2965,VER
2966,VFA
2967,VGA
2968,VGO
2969,VGZ
2970,VHC
2971,VHM
2972,VIE
2973,VIG
2974,VII
2975,VIJ
2976,VIL
2977,VIN
2978,VIS
2979,VIX
2980,VKG
2981,VKO
2982,VKT
2983,VLC
2984,VLD
2985,VLI
2986,VLL
2987,VLN
2988,VLS
2989,VLV
2990,VLY
2991,VNO
2992,VNS
2993,VNX
2994,VOG
2995,VOL
2996,VOZ
2997,VPE
2998,VPS
2999,VPY
3000,VQS
3001,VRA
3002,VRC
3003,VRN
3004,VSA
3005,VST
3006,VTE
3007,VTZ
3008,VUP
3009,VUS
3010,VVC
3011,VVI
3012,VVO
3013,VXC
3014,VXE
3015,VXO
3016,WAA
3017,WAE
3018,WAG
3019,WAT
3020,WAW
3021,WBB
3022,WBM
3023,WDH
3024,WEF
3025,WEI
3026,WGA
3027,WGP
3028,WHK
3029,WIC
3030,WIL
3031,WIN
3032,WJR
3033,WJU
3034,WKJ
3035,WLG
3036,WLH
3037,WLK
3038,WLS
3039,WMI
3040,WMN
3041,WMO
3042,WMR
3043,WNH
3044,WNP
3045,WNR
3046,WNZ
3047,WRE
3048,WRG
3049,WRL
3050,WRO
3051,WRY
3052,WSN
3053,WSX
3054,WSZ
3055,WTK
3056,WTL
3057,WUA
3058,WUH
3059,WUS
3060,WUX
3061,WUZ
3062,WVB
3063,WWK
3064,WWT
3065,WXN
3066,WYA
3067,XAP
3068,XBJ
3069,XCH
3070,XCR
3071,XEQ
3072,XFN
3073,XFW
3074,XIC
3075,XIL
3076,XIY
3077,XKH
3078,XMH
3079,XMN
3080,XMS
3081,XNA
3082,XNN
3083,XQP
3084,XRY
3085,XSB
3086,XSC
3087,XTG
3088,XUZ
3089,YAA
3090,YAB
3091,YAG
3092,YAK
3093,YAM
3094,YAP
3095,YBC
3096,YBG
3097,YBK
3098,YBL
3099,YBP
3100,YBR
3101,YBX
3102,YCB
3103,YCD
3104,YCG
3105,YCO
3106,YCS
3107,YCU
3108,YCY
3109,YDF
3110,YDP
3111,YEG
3112,YEK
3113,YES
3114,YEV
3115,YFB
3116,YFC
3117,YFJ
3118,YFO
3119,YFS
3120,YGH
3121,YGJ
3122,YGK
3123,YGP
3124,YGR
3125,YGT
3126,YGV
3127,YGX
3128,YGZ
3129,YHD
3130,YHI
3131,YHK
3132,YHM
3133,YHO
3134,YHR
3135,YHY
3136,YHZ
3137,YIC
3138,YIE
3139,YIF
3140,YIH
3141,YIN
3142,YIO
3143,YIW
3144,YKA
3145,YKF
3146,YKM
3147,YKS
3148,YKT
3149,YLC
3150,YLE
3151,YLW
3152,YMM
3153,YMN
3154,YNA
3155,YNB
3156,YNG
3157,YNJ
3158,YNP
3159,YNT
3160,YNY
3161,YNZ
3162,YOL
3163,YOW
3164,YPN
3165,YPR
3166,YPW
3167,YPY
3168,YQB
3169,YQD
3170,YQF
3171,YQG
3172,YQK
3173,YQL
3174,YQM
3175,YQQ
3176,YQR
3177,YQT
3178,YQU
3179,YQX
3180,YQY
3181,YQZ
3182,YRA
3183,YRB
3184,YRG
3185,YRL
3186,YRT
3187,YSB
3188,YSG
3189,YSJ
3190,YSK
3191,YSM
3192,YSO
3193,YTE
3194,YTH
3195,YTS
3196,YTY
3197,YTZ
3198,YUL
3199,YUM
3200,YUS
3201,YUT
3202,YUX
3203,YUY
3204,YVM
3205,YVO
3206,YVP
3207,YVQ
3208,YVR
3209,YWG
3210,YWH
3211,YWJ
3212,YWK
3213,YWL
3214,YXC
3215,YXE
3216,YXH
3217,YXJ
3218,YXL
3219,YXN
3220,YXP
3221,YXS
3222,YXT
3223,YXU
3224,YXX
3225,YXY
3226,YYB
3227,YYC
3228,YYD
3229,YYF
3230,YYG
3231,YYH
3232,YYJ
3233,YYQ
3234,YYR
3235,YYT
3236,YYU
3237,YYY
3238,YYZ
3239,YZF
3240,YZP
3241,YZR
3242,YZS
3243,YZT
3244,YZV
3245,YZY
3246,YZZ
3247,ZAD
3248,ZAG
3249,ZAH
3250,ZAL
3251,ZAM
3252,ZAT
3253,ZAZ
3254,ZBF
3255,ZBL
3256,ZBR
3257,ZCL
3258,ZCO
3259,ZDY
3260,ZEL
3261,ZFN
3262,ZGS
3263,ZGU
3264,ZHA
3265,ZHY
3266,ZIG
3267,ZIH
3268,ZKG
3269,ZLO
3270,ZLT
3271,ZMT
3272,ZNE
3273,ZNZ
3274,ZOS
3275,ZQN
3276,ZQW
3277,ZQZ
3278,ZRH
3279,ZSA
3280,ZSE
3281,ZTB
3282,ZTH
3283,ZUH
3284,ZVK
3285,ZYI
3286,ZYL
